{"properties": [
  {
    "name": "spring.second-datasource.jdbcUrl",
    "type": "java.lang.String",
    "description": "A description for 'spring.second-datasource.jdbcUrl'"
  },
  {
    "name": "spring.second-datasource.password",
    "type": "java.lang.String",
    "description": "A description for 'spring.second-datasource.password'"
  },
 {"description": "A description for 'spring.second-datasource.jdbcUrl'"
  },
  {
    "name": "spring.second-datasource.username",
    "type": "java.lang.String",
    "description": "A description for 'spring.second-datasource.username'"
  }
]}